<?xml version="1.0" encoding="UTF-8"?>
<project-private xmlns="http://www.netbeans.org/ns/project-private/1">
    <editor-bookmarks xmlns="http://www.netbeans.org/ns/editor-bookmarks/2" lastBookmarkId="0"/>
    <open-files xmlns="http://www.netbeans.org/ns/projectui-open-files/2">
        <group>
            <file>file:/D:/FU_Learning/SUM2024/CSD201/Code/SE1890MVC/web/jsp/showCart.jsp</file>
            <file>file:/D:/FU_Learning/SUM2024/CSD201/Code/SE1890MVC/src/java/entity/Cart.java</file>
            <file>file:/D:/FU_Learning/SUM2024/CSD201/Code/SE1890MVC/src/java/controller/CustomerController.java</file>
            <file>file:/D:/FU_Learning/SUM2024/CSD201/Code/SE1890MVC/src/java/controller/CartController.java</file>
            <file>file:/D:/FU_Learning/SUM2024/CSD201/Code/SE1890MVC/web/jsp/displayProduct.jsp</file>
            <file>file:/D:/FU_Learning/SUM2024/CSD201/Code/SE1890MVC/src/java/entity/Product.java</file>
            <file>file:/D:/FU_Learning/SUM2024/CSD201/Code/SE1890MVC/src/java/model/DAOCart.java</file>
            <file>file:/D:/FU_Learning/SUM2024/CSD201/Code/SE1890MVC/src/java/entity/OrderDetails.java</file>
        </group>
    </open-files>
</project-private>
